Month,OperatingSystems,Browser,Region,TrafficType,VisitorType,Weekend,Administrative,Administrative_Duration,Informational,Informational_Duration,ProductRelated,ProductRelated_Duration,BounceRates,ExitRates,PageValues,SpecialDay,Revenue
Feb,2,11,9,13,New_Visitor,True,0.0,218.79704,0.0,41.329758,4.0,210.73853,0.0,0.14993973,0.0,0.0,False
Aug,4,9,3,8,Other,False,0.0,37.15124,1.0,0.0,11.0,3159.1736,0.0,0.00870622,0.0,0.0,False
May,6,2,8,12,New_Visitor,True,14.0,118.77234,0.0,0.0,9.0,5340.868,0.0058705756,0.04,0.0,0.0,False
Feb,3,10,2,12,New_Visitor,False,4.0,448.6941,0.0,188.60434,2.0,822.50464,0.1,0.026290445,0.0,0.0,False
June,6,1,7,5,Other,False,7.0,331.02673,0.0,1758.2953,24.0,519.3333,0.10606483,0.2,0.0,0.0,False
Oct,4,5,2,8,New_Visitor,True,0.0,0.0,0.0,61.204685,60.0,823.6372,0.0136089325,0.024252422,0.0,0.0,False
Aug,3,8,4,16,Other,True,2.0,82.771576,8.010191,0.0,18.0,115.20971,0.015910622,0.007927451,8.381189,0.0,False
Nov,5,6,9,13,Other,True,4.0,0.0,0.0,0.0,51.619102,1825.429,0.013304569,0.060735244,0.0,0.0,True
June,6,1,7,19,New_Visitor,False,3.0,0.0,0.0,0.0,7.0,0.0,0.0,0.0053824442,0.0,0.0,False
May,7,1,1,6,Returning_Visitor,False,5.0,0.0,0.0,138.85698,2.0,6047.211,0.0,0.015384615,0.0,0.0,False
Sep,8,13,1,4,Returning_Visitor,True,3.0,76.37989,0.0,0.0,48.0,595.68475,0.08279834,0.06032853,0.0,1.0,False
Jul,3,4,8,14,New_Visitor,True,2.0,58.508583,3.0,0.0,3.0,549.1916,0.007140783,0.1,0.0,0.0,True
Dec,5,3,9,18,New_Visitor,True,0.0,57.24881,2.0,0.0,151.47163,3300.0002,0.057142857,0.008909765,0.0,0.0,True
Mar,8,10,7,5,New_Visitor,False,0.0,174.83955,2.0,0.0,1.0,2157.1235,0.0053235143,0.038942564,40.59391,0.0,False
Sep,5,11,1,8,Other,False,4.0,0.0,0.0,0.0,15.0,295.46655,0.014661524,0.027050294,52.915897,0.0,True
Oct,5,3,2,8,New_Visitor,True,9.0,0.0,0.0,0.0,29.0,0.0,0.0,0.00952381,0.0,0.0,False
Jul,3,4,3,6,New_Visitor,False,3.0,2676.4932,0.0,0.0,52.251934,40515.7,0.0045054136,0.028965285,0.0,0.0,False
June,1,6,8,14,New_Visitor,False,0.0,0.0,0.0,0.0,9.0,0.0,0.0,0.004349313,0.0,0.0,False
June,7,9,1,17,Other,False,0.0,1657.1516,6.0,0.0,1.0,4554.257,0.03902292,0.1,0.0,0.0,False
Sep,5,8,9,17,Returning_Visitor,True,0.0,0.0,4.0,0.0,77.96374,36.157413,0.003975897,0.06666667,0.0,1.0,False
Oct,8,11,4,10,New_Visitor,True,0.0,0.0,0.0,0.0,12.0,481.99387,0.0,0.009608436,0.0,0.0,False
Oct,3,9,6,16,Returning_Visitor,False,2.0,0.0,2.0,0.0,30.0,65.0559,0.0,0.079775095,0.0,0.0,True
Nov,3,13,1,12,New_Visitor,True,0.0,532.49524,0.0,0.0,7.0,3163.4636,0.03333333,0.2,0.0,0.0,False
Aug,3,6,9,19,New_Visitor,False,0.0,0.0,0.0,0.0,3.0,494.09238,0.0,0.031632103,0.0,1.0,False
Feb,4,10,9,2,Returning_Visitor,False,9.0,0.0,0.0,0.0,2.0,35.858818,0.0,0.2,0.0,1.0,True
June,7,7,2,16,Returning_Visitor,False,10.0,1584.7324,7.1950827,0.0,17.0,1038.8014,0.2,0.004904403,0.0,0.0,True
Sep,8,13,2,19,Other,True,1.0,115.49744,0.0,0.0,24.971159,1389.614,0.0,0.011957112,0.0,0.0,False
Jul,1,10,8,1,Other,True,0.0,73.76504,0.0,0.0,26.0,0.0,0.012958958,0.03191912,0.0,0.0,False
Oct,1,1,2,20,New_Visitor,True,0.0,224.0559,0.0,0.0,67.82675,837.666,0.0100016175,0.019376008,26.614761,0.2,False
Aug,6,9,5,5,Returning_Visitor,False,0.0,0.0,0.0,0.0,205.70862,266.15695,0.0,0.05387265,0.0,0.0,False
Mar,7,9,1,19,Other,False,4.0,0.0,0.0,0.0,5.0,51.024086,0.03355376,0.0013730053,0.0,0.0,False
Dec,3,7,9,9,Returning_Visitor,True,0.0,0.0,2.0,0.0,7.0,15.431246,0.0,0.2,0.0,0.0,False
Nov,4,13,3,18,Other,False,0.0,0.0,2.0,0.0,6.0,40.948975,0.0,0.028571429,0.0,0.0,False
May,2,6,5,12,New_Visitor,True,7.0,0.0,0.0,0.0,1.0,1335.797,0.0,0.2,23.026882,0.0,True
Mar,4,7,8,1,New_Visitor,False,0.0,0.0,3.0,0.0,17.0,315.43286,0.018181818,0.005869098,0.0,0.0,False
Sep,6,1,8,8,New_Visitor,True,2.0,56.655067,0.0,0.0,36.0,244.20961,0.2,0.043538522,0.0,0.0,False
May,2,8,5,12,New_Visitor,False,9.0,0.0,0.0,0.0,41.0,346.8726,0.016666668,0.017243112,0.0,0.0,False
Mar,2,11,2,12,Other,False,0.0,353.7932,0.0,0.0,33.75219,6321.947,0.2,0.012788527,0.0,0.0,False
May,8,8,7,15,New_Visitor,False,0.0,5.850847,0.0,0.0,1.0,6933.5063,0.0,0.011926057,1.6845541,0.0,True
Nov,8,12,4,12,Other,False,0.0,65.42887,0.0,10.0,19.0,4601.7915,0.0,0.1258674,3.776525,0.0,False
Dec,2,7,7,16,Other,True,8.0,0.0,0.0,0.0,47.4425,2340.3384,0.0,0.020008102,0.0,0.0,False
Sep,8,5,7,18,Other,False,1.0,151.78008,2.0,153.46321,2.0,158.2747,0.0040304363,0.0011502597,2.3058686,0.0,False
Mar,4,9,9,18,Returning_Visitor,True,11.0,96.848785,0.0,0.0,7.0,0.0,0.00056590495,0.028695358,0.0,0.6,True
June,2,11,3,3,New_Visitor,False,0.0,0.0,0.0,416.7714,47.017063,0.0,0.12,0.15,0.0,0.0,False
Aug,4,5,9,2,Returning_Visitor,True,0.0,27.858307,0.0,0.0,19.959858,237.32603,0.0,0.0699872,0.0,0.0,False
Mar,2,6,3,9,Returning_Visitor,True,0.0,575.4454,0.0,0.0,3.0,104.26566,0.004805226,0.009341603,0.0,0.0,False
Mar,2,10,3,12,Other,True,0.0,0.0,0.0,0.0,4.0,78.264,0.05440161,0.03333333,135.90569,0.0,False
Oct,3,2,3,16,Other,False,6.0,29.363432,0.0,0.0,5.0,962.11395,0.0,0.0125,0.0,0.0,False
June,5,8,1,6,Returning_Visitor,True,0.0,0.0,5.0,0.0,3.0,56.777588,0.2,0.0103116855,0.0,0.0,False
Nov,8,13,2,16,New_Visitor,True,0.0,0.0,0.0,146.3566,13.0,367.93213,0.2,0.0071432386,0.0,0.4,False
Mar,5,5,3,20,New_Visitor,True,0.0,0.0,0.0,204.96368,107.76028,0.0,0.0,0.041564204,0.0,0.0,False
Dec,6,11,7,18,New_Visitor,True,0.0,0.0,1.0,0.0,2.0,519.3751,0.014285714,0.03562207,0.0,0.8,False
Aug,5,1,2,20,New_Visitor,True,21.913588,54.933285,0.0,0.0,80.0,140.66779,0.0037275024,0.042224552,211.54213,0.0,False
Oct,7,13,5,8,Returning_Visitor,True,2.0,0.0,0.0,0.0,24.0,74.14501,0.0,0.0032836501,0.0,0.0,False
Mar,5,5,2,4,Returning_Visitor,True,3.0,0.0,6.0,49.361736,381.9541,591.74536,0.0,0.0028959974,0.0,0.0,False
June,5,12,2,8,Other,True,25.306843,0.0,0.0,0.0,51.0,1304.208,0.05155794,0.011267764,0.0,0.0,True
Feb,2,7,2,16,Other,True,7.0,152.51491,0.0,0.0,179.90521,0.0,0.008333333,0.0,62.2439,0.0,False
May,5,6,4,6,Other,True,7.0,0.0,0.0,940.84845,4.0,0.0,0.0,0.016647657,0.0,0.0,False
Jul,4,12,5,2,New_Visitor,True,4.0,27.511929,0.0,0.0,64.0,0.0,0.044444446,0.02,0.0,0.0,True
Oct,2,6,7,12,Returning_Visitor,False,10.0,0.0,0.0,0.0,30.0,431.268,0.0,0.02421892,263.45367,0.0,False
Sep,5,2,3,20,New_Visitor,False,1.0,0.0,0.0,0.0,1.0,0.0,0.0,0.06666667,0.0,0.0,False
Dec,6,9,7,6,Other,False,8.0,13.66692,1.0,0.0,27.0,3662.6555,0.075708464,0.001443841,85.893585,0.0,False
Nov,7,10,7,13,Other,False,1.0,282.08948,0.0,0.0,24.0,2557.7537,0.005263158,0.1,0.0,0.2,False
Feb,2,3,3,12,Returning_Visitor,False,0.0,1508.3739,0.0,0.0,11.0,66.625404,0.0,0.0037900228,16.002773,0.0,False
Feb,5,7,5,19,New_Visitor,True,0.0,13.0,0.0,52.26776,173.88339,1694.1577,0.015384615,0.0051105926,0.0,0.0,False
Mar,6,8,9,4,New_Visitor,False,0.0,449.62405,0.0,0.0,23.727612,1081.7849,0.0,0.037859198,54.011536,0.0,False
May,7,1,5,19,Other,False,0.0,0.0,3.0,0.0,9.0,50.565,0.010211988,0.12965289,0.0,0.0,False
Feb,4,1,2,9,New_Visitor,True,3.0,0.0,0.0,0.0,164.93677,1358.707,0.06666667,0.053430095,0.0,0.0,False
Jul,8,2,7,5,Other,True,3.0,410.41656,0.0,125.3446,70.274155,355.62222,0.0,0.005555556,0.0,0.0,False
Sep,4,7,2,19,Other,False,2.0,159.80777,2.0,1001.32465,4.0,5693.422,0.010544515,0.034077924,0.0,0.0,False
May,1,6,2,13,Other,False,0.0,0.0,0.0,0.0,336.7391,2749.1975,0.013877168,0.087471046,29.298859,0.0,False
Sep,1,6,1,13,Returning_Visitor,True,2.0,0.0,0.0,0.0,562.6949,52.03964,0.016639212,0.0068216454,0.0,0.0,False
June,2,6,8,1,New_Visitor,False,2.0,0.0,0.0,0.0,292.63678,0.0,0.0,0.2,0.0,0.0,False
May,1,4,5,6,Other,True,0.0,193.04532,1.0,1537.1252,70.0,2121.991,0.02,0.010564041,0.0,0.0,False
Feb,7,9,7,11,Returning_Visitor,False,5.0,178.0912,2.0,76.08914,77.071014,2600.257,0.008711319,0.0051345634,22.606855,0.6,False
Dec,2,8,1,3,Returning_Visitor,True,3.0,46.440884,0.0,156.37257,99.919876,74.608864,0.0,0.007058035,0.0,0.0,False
Feb,2,7,7,7,New_Visitor,True,4.0,0.0,6.0,0.0,131.3752,1781.2195,0.0022955264,0.058024805,0.0,0.0,True
June,7,7,4,16,Returning_Visitor,False,8.0,69.630005,7.3856235,0.0,4.0,191.12378,0.0,0.025,0.0,0.0,False
Jul,8,1,8,4,Other,False,13.0,0.0,12.019928,0.0,26.0,1578.1255,0.2,0.04069576,0.0,0.0,False
Dec,6,5,8,13,Other,True,0.0,195.69531,1.0,0.0,12.0,127.5267,0.057142857,0.027371338,0.0,0.8,False
Dec,7,8,3,13,Other,False,5.0,0.0,0.0,2194.0127,43.0,9498.395,0.007980876,0.2,0.0,0.0,False
Oct,2,10,2,5,Other,False,11.405187,33.094517,0.0,4.0,0.0,0.0,0.013333333,0.028699294,0.0,0.0,False
Feb,1,10,3,15,Returning_Visitor,True,11.0,2073.641,0.0,0.0,17.0,11113.059,0.015384615,0.05088618,0.0,0.2,True
Jul,4,12,2,4,Returning_Visitor,False,2.0,0.0,0.0,382.4651,36.024048,860.7155,0.2,0.05639453,225.14215,1.0,False
Mar,8,4,3,6,Other,False,0.0,0.0,0.0,0.0,1.0,59.528954,0.2,0.03715472,0.0,0.0,True
Feb,4,10,7,10,Returning_Visitor,False,5.0,0.0,4.0,0.0,1.0,666.80927,0.0138841495,0.03543992,0.0,0.4,False
Oct,5,3,8,1,New_Visitor,False,0.0,265.5882,2.0,26.925604,125.45388,6390.917,0.0,0.03405364,0.0,0.0,False
Sep,3,3,7,14,Returning_Visitor,True,3.0,0.0,1.0,0.0,157.44061,1266.8195,0.0,0.007916429,0.0,0.0,False
Nov,4,2,6,4,Returning_Visitor,False,0.0,0.0,17.157087,0.0,15.0,90.53014,0.2,0.016319703,34.52874,0.0,False
June,8,13,3,14,Returning_Visitor,False,1.0,0.0,4.0,0.0,1.0,348.00925,0.0,0.2,38.1684,0.0,False
Aug,4,1,5,17,Returning_Visitor,True,3.0,18.0,0.0,0.0,13.0,0.0,0.004656107,0.2,0.0,0.0,True
May,8,7,2,10,Other,True,3.0,67.08711,3.0,0.0,23.0,219.59464,0.010701427,0.009355694,2.33017,0.0,True
Dec,7,3,2,10,New_Visitor,True,2.0,0.0,0.0,0.0,223.12302,2366.0034,0.0,0.04,0.0,0.0,False
Feb,3,5,8,10,Returning_Visitor,False,0.0,15.173522,9.688267,0.0,1.0,9505.447,0.0,0.009114154,0.0,0.0,False
Jul,3,12,2,6,Returning_Visitor,True,0.0,73.839424,15.69302,43.66809,32.0,266.94727,0.1,0.075,0.0,0.0,False
Mar,7,6,7,12,New_Visitor,True,7.0,43.393463,0.0,0.0,1.0,0.0,0.006665692,0.037859827,5.24176,1.0,False
Mar,1,2,4,1,Other,True,0.0,0.0,8.389114,0.0,7.0,9645.522,0.0,0.0137452055,102.259315,0.8,False
Oct,4,2,4,18,Other,False,0.0,54.975445,6.0,0.0,1.0,853.84,0.0,0.06459711,0.0,0.0,True
Oct,8,7,3,20,Other,True,0.0,29.460972,4.0,0.0,49.551407,70.214195,0.0,0.0219301,11.696253,0.0,False
Aug,6,3,4,16,Other,False,2.0,0.0,0.0,721.5625,18.0,262.65424,0.0125,0.2,0.0,0.0,False
Mar,8,10,2,11,New_Visitor,False,0.0,0.0,0.0,0.0,1.0,7797.368,0.0021039245,0.03916248,0.0,0.0,False
June,5,9,3,19,Other,True,0.0,78.39532,1.0,0.0,12.0,917.65717,0.2,0.055400565,0.0,0.0,False
Oct,3,12,8,13,New_Visitor,False,5.0,81.61547,2.0,1041.5111,7.0,66.87207,0.009404236,0.0255482,0.0,1.0,False
Jul,1,9,3,20,Returning_Visitor,False,12.0,0.0,0.0,0.0,14.0,0.0,0.010969681,0.2,0.0,0.0,True
Aug,7,9,7,6,New_Visitor,True,0.0,0.0,0.0,0.0,9.0,0.0,0.0,0.009313825,0.0,0.0,False
Oct,8,12,1,17,Other,True,3.0,3.0644977,9.563545,0.0,5.0,229.07745,0.023962736,0.03,0.0,0.0,True
Aug,4,3,8,12,Returning_Visitor,False,4.0,0.0,0.0,0.0,7.0,2641.0376,0.007692308,0.029051095,0.0,0.8,False
Feb,6,13,6,13,Other,True,0.0,0.0,0.0,1136.8479,7.0,15529.892,0.028571429,0.039261185,0.0,1.0,True
Dec,8,4,5,19,New_Visitor,True,8.0,0.0,0.0,2006.3226,4.0,221.99203,0.0,0.012834507,0.0,0.0,False
Oct,3,1,9,9,Other,True,6.0,295.0659,0.0,90.396126,131.97333,3151.9783,0.03333333,0.0039340216,0.0,0.0,False
Jul,1,13,6,16,Other,False,0.0,7.180091,0.0,139.22507,33.0,0.0,0.005869578,0.0,0.0,0.0,False
Feb,3,4,6,6,Returning_Visitor,True,1.0,0.0,0.0,0.0,50.0,829.33374,0.02850592,0.0019899015,0.0,0.0,False
Mar,5,10,5,18,Other,False,0.0,0.0,0.0,0.0,70.0,5927.5215,0.2,0.022805888,0.0,0.8,False
Oct,5,3,3,1,Other,False,4.0,0.0,3.0,0.0,28.0,664.74054,0.0,0.2,0.0,0.0,False
Feb,2,13,7,11,Returning_Visitor,True,0.0,76.66422,0.0,0.0,2.0,182.5447,0.03490492,0.015789794,0.0,0.4,False
Oct,7,9,2,15,Returning_Visitor,False,0.0,0.0,3.0,0.0,188.18326,0.0,0.03333333,0.004020312,0.0,0.8,False
Oct,1,10,4,10,Other,False,16.506063,0.0,0.0,0.0,19.0,529.15826,0.0,0.02133471,0.0,0.0,False
Feb,6,5,8,8,Returning_Visitor,True,1.3888509,2346.7676,2.0,36.509457,4.0,1529.9379,0.0,0.042857144,16.518526,0.0,False
Jul,2,12,7,18,New_Visitor,False,0.0,0.0,0.0,0.0,45.0,0.0,0.0021731544,0.02706034,0.0,0.8,False
Mar,7,10,6,20,Other,True,0.0,0.0,2.0,0.0,17.0,863.682,0.0172417,0.014562989,119.63769,0.0,True
Aug,1,7,5,14,Other,False,1.0,0.0,0.0,74.468376,22.0,14.99243,0.010501246,0.020351121,61.42548,0.0,True
Aug,6,9,4,13,Returning_Visitor,True,12.022968,113.7911,6.0,0.0,170.74713,2408.0408,0.0,0.021618068,59.07365,0.6,False
Oct,7,4,6,5,New_Visitor,False,0.0,0.0,0.0,0.0,47.0,851.2348,0.2,0.1,42.202705,0.0,False
Oct,2,4,7,14,Other,False,0.0,0.0,0.0,0.0,7.0,255.00394,0.01279586,0.013693206,0.0,0.0,False
June,3,7,8,2,Other,True,0.0,169.30807,3.0,0.0,8.0,202.50288,0.010526316,0.051961638,0.0,0.0,False
Feb,1,2,6,2,New_Visitor,False,0.0,326.503,0.0,0.0,12.0,1421.9988,0.024758663,0.049181838,0.0,0.0,False
Jul,5,1,5,8,New_Visitor,True,1.0,0.0,0.0,0.0,35.0,15.430161,0.0,0.0038221043,0.0,0.0,False
May,7,1,1,11,New_Visitor,True,3.0,277.75082,0.0,0.0,3.0,1192.8947,0.0,0.2,0.0,0.8,True
Jul,1,3,9,15,Other,False,1.0,313.55963,0.0,0.0,96.60763,337.45624,0.0,0.03333333,0.0,0.0,False
Feb,8,3,2,3,Returning_Visitor,False,0.0,0.0,0.0,0.0,0.0,102.481804,0.0,0.04,45.692226,0.0,False
Feb,2,10,3,19,Returning_Visitor,True,4.0,323.70392,2.0,9.0213995,2.0,411.08655,0.2,0.026101382,4.964867,0.0,True
June,6,3,5,19,Returning_Visitor,False,6.0,51.00503,0.0,22.815489,1.0,3854.8684,0.0,0.025,0.0,0.0,False
Nov,8,7,1,13,Other,False,0.0,0.0,0.0,30.384146,22.0,1118.3544,0.0,0.004403385,0.0,0.0,False
Mar,4,13,5,13,Returning_Visitor,True,0.0,0.0,0.0,1253.0308,3.0,5959.1064,0.0,0.028571429,0.0,0.8,False
Sep,4,10,2,1,Returning_Visitor,True,0.0,0.0,0.0,189.70534,51.0,3381.0964,0.0,0.008369983,4.134595,0.0,False
June,3,13,2,12,Returning_Visitor,False,5.0,36.886013,1.0,241.07327,9.0,6467.0674,0.0,0.019617928,0.0,0.0,False
Nov,6,9,6,8,New_Visitor,False,0.0,189.9788,6.0,0.0,34.0,494.59415,0.0015427729,0.05,0.0,0.0,False
Nov,4,12,9,15,New_Visitor,False,0.0,246.1068,0.0,0.0,5.0,0.0,0.2,0.018178646,0.0,0.0,False
Dec,4,8,4,11,New_Visitor,True,2.0,57.65283,0.0,0.0,43.35752,2257.5254,0.006060606,0.0029684585,0.0,1.0,False
Nov,5,2,4,7,New_Visitor,True,0.0,0.0,6.13115,2113.656,13.0,407.1757,0.0,0.0022474655,30.005415,0.0,True
Oct,8,1,9,4,Other,False,7.0,0.0,1.5177573,0.0,3.0,1897.7163,0.0,0.03333333,0.0,0.4,False
Feb,7,7,3,18,Returning_Visitor,True,0.0,172.42209,2.0,0.0,8.0,0.0,0.018181818,0.011111111,0.0,0.0,False
Dec,8,8,6,7,Other,False,0.0,50.56603,1.0,0.0,0.0,432.44336,0.0,0.023005806,0.0,1.0,True
June,5,10,3,4,Other,False,2.0,366.91492,2.0,0.0,1.0,57.253475,0.0037414136,0.2,83.34093,0.0,False
Dec,6,11,6,19,Returning_Visitor,False,0.0,0.0,1.0,0.0,18.0,0.0,0.0035642302,0.17670834,0.0,0.0,True
Feb,1,3,8,9,Returning_Visitor,True,0.0,120.27554,0.0,0.0,11.0,3115.8262,0.0,0.2,0.0,0.0,False
June,4,6,7,20,Returning_Visitor,True,2.0,40.249382,0.0,0.0,17.0,487.6552,0.2,0.2,0.0,0.0,False
Sep,7,1,7,12,New_Visitor,True,3.0,0.0,0.0,0.0,1.0,3127.6597,0.0,0.03076923,0.0,0.0,True
Sep,6,4,6,1,Other,True,0.0,1514.7977,0.0,0.0,104.761154,273.5365,0.0,0.069988534,0.0,0.0,False
Oct,5,2,8,19,Other,True,3.0,0.0,0.0,9.551486,338.72513,1437.9348,0.047241755,0.07270326,0.0,0.0,False
Dec,6,3,5,15,New_Visitor,True,0.0,196.59633,0.0,0.0,18.0,0.0,0.0,0.03333333,0.0,0.0,False
Feb,6,5,2,2,Other,False,13.0,69.62059,4.0,0.0,71.39271,4754.8496,0.0,0.075,0.0,0.0,False
June,3,4,4,11,Other,True,3.0,0.0,1.0,0.0,37.0,981.0048,0.0,0.025432633,0.0,0.0,False
Feb,8,4,9,17,Other,True,0.0,241.17645,0.0,0.0,2.0,5743.4326,0.0,0.038686495,0.0,0.0,False
Oct,5,9,8,9,Returning_Visitor,True,11.0,0.0,2.0,0.0,45.137836,426.33917,0.006666667,0.2,41.42948,0.0,False
Sep,3,2,3,5,New_Visitor,False,5.0,0.0,0.0,30.025938,20.0,154.1571,0.0,0.0035018371,0.0,0.0,False
Dec,2,3,2,11,New_Visitor,False,6.0,388.3728,0.0,0.0,4.0,58.84782,0.0,0.01875,0.0,0.0,False
Jul,1,11,5,17,Other,True,13.0,212.38026,0.0,2220.2178,55.0,2020.9205,0.05,0.03250832,5.7716455,0.0,False
Dec,3,13,8,4,New_Visitor,False,2.0,253.90466,0.0,0.0,36.0,0.0,0.066554196,0.035608627,0.030245733,0.0,False
Oct,4,3,6,8,New_Visitor,True,17.543684,0.0,0.0,0.0,3.0,2833.4785,0.036667515,0.2,17.161894,1.0,False
Oct,3,1,5,17,Returning_Visitor,True,1.0,0.0,0.0,0.0,31.0,824.25964,0.008711414,0.010790832,0.0,0.0,False
Oct,2,3,6,8,New_Visitor,True,0.0,0.0,0.0,0.0,12.0,1834.6404,0.0298671,0.2,0.0,0.0,False
Mar,2,6,5,19,New_Visitor,False,4.0,0.0,0.0,0.0,86.11431,62.2489,0.2,0.0146838175,0.0,0.0,False
Oct,3,8,6,3,Other,True,8.0,37.84162,0.0,0.0,139.90398,1327.106,0.0,0.00014643035,0.0,0.8,False
Dec,7,7,9,15,New_Visitor,False,2.0,0.0,0.0,0.0,1.0,0.0,0.057142857,0.057142857,0.0,0.0,False
May,7,12,7,16,Returning_Visitor,True,3.0,0.0,0.0,0.0,2.0,330.31454,0.0,0.07045717,0.0,0.0,False
June,1,13,1,14,Other,True,9.0,0.0,3.0,0.0,2.0,526.6412,0.006451613,0.1891761,66.81435,0.0,False
Dec,4,2,4,16,New_Visitor,True,0.0,0.0,0.0,0.0,84.98226,1950.833,0.0150987785,0.0148857655,0.0,0.0,False
Dec,6,6,6,9,New_Visitor,True,4.0,366.97064,0.0,101.27111,376.15665,1257.1887,0.2,0.00727751,0.0,0.0,False
Mar,2,10,5,6,Returning_Visitor,True,2.0,132.08969,4.0,0.0,6.0,815.22723,0.0,0.06330281,0.0,0.0,False
Feb,2,3,1,5,Returning_Visitor,True,0.0,0.0,0.0,26.780384,5.0,974.58606,0.0,0.024998624,59.75248,0.0,False
Sep,6,8,6,11,Returning_Visitor,True,0.0,188.56573,0.0,0.0,138.9761,852.06537,0.04,0.037526853,18.783077,0.0,False
Nov,7,11,7,1,New_Visitor,True,7.0,0.0,6.0,0.0,16.0,384.45883,0.0,0.2,0.0,0.0,True
Sep,7,5,9,9,New_Visitor,True,3.0,110.2867,0.0,214.9339,64.0,1063.6055,0.006451613,0.025,0.0,0.0,False
May,4,13,8,11,New_Visitor,False,0.0,0.0,0.0,0.0,16.0,1004.3033,0.0,0.02300181,0.0,0.0,True
Jul,7,3,4,5,Other,False,17.130342,0.0,3.0,0.0,7.0,135.59035,0.005128205,0.035709806,0.0,0.0,False
Aug,1,1,9,2,New_Visitor,False,0.0,657.4035,12.104073,0.0,1.0,4886.251,0.0,0.089537926,40.81601,0.0,False
Jul,1,6,9,15,New_Visitor,False,3.864372,339.38376,1.0,0.0,43.0,41.186806,0.0,0.025,0.0,0.0,False
Nov,5,10,4,16,Other,False,3.0,0.0,0.0,0.0,0.0,1016.45355,0.004886127,0.030240783,0.0,0.0,False
Oct,2,11,6,7,New_Visitor,True,5.0,114.6914,0.0,1099.5851,3.0,785.14655,0.2,0.06666667,0.0,0.0,False
Oct,7,12,4,16,Returning_Visitor,False,14.0,0.0,0.0,25.344006,1.0,196.4344,0.0,0.2,62.07738,0.0,False
Sep,3,4,2,11,New_Visitor,True,0.0,0.0,0.0,0.0,1.0,1060.7352,0.090025365,0.1,0.0,0.0,False
Nov,6,10,6,19,New_Visitor,False,0.0,352.98965,0.0,0.0,1.0,348.55914,0.00614196,0.026193736,0.0,0.0,False
Aug,3,4,5,17,Returning_Visitor,True,9.0,0.0,0.0,0.0,19.0,1063.2404,0.0,0.0012549105,49.056084,0.0,False
Jul,5,2,4,18,New_Visitor,False,0.0,251.34398,2.0,0.0,238.3101,1647.6102,0.005238687,0.011448117,0.0,0.0,False
Jul,2,2,7,15,New_Visitor,True,1.0,164.74733,0.0,0.0,26.0,4681.987,0.0,0.015995327,46.53277,0.0,False
Sep,3,3,4,17,New_Visitor,False,1.0,1609.7521,0.0,0.0,226.5607,3875.735,0.004528455,0.03333333,261.18842,0.0,True
Dec,4,1,3,2,New_Visitor,False,7.0,353.78983,0.0,0.0,35.0,182.35359,0.006451613,0.008333333,0.0,0.0,False
Aug,1,3,7,17,New_Visitor,True,10.0,44.20163,0.0,0.0,103.5305,86.0225,0.0,0.001497298,0.0,0.0,False
Dec,4,3,1,16,Other,False,0.0,0.0,0.0,0.0,10.0,3500.4846,0.014285714,0.07979142,3.1160705,1.0,False
Feb,5,2,6,10,New_Visitor,True,3.0,0.0,0.0,0.0,4.298405,205.98676,0.0,0.06666667,19.272884,1.0,True
Sep,2,1,8,17,New_Visitor,False,0.0,7.0354524,0.0,0.0,24.0,5829.199,0.0,0.03390423,0.0,0.0,False
Jul,2,11,1,9,Other,True,2.0,41.123997,0.0,0.0,20.0,0.0,0.041815657,0.2,0.0,0.0,False
Feb,7,6,5,18,Returning_Visitor,True,0.0,65.3772,4.0,0.0,19.0,814.31287,0.05415774,0.016647289,1.2935108,0.0,False
Oct,1,9,1,5,New_Visitor,False,25.907303,0.0,2.0,272.8457,1.0,409.293,0.2,0.004803803,0.0,0.0,False
Mar,7,2,7,3,Other,False,9.0,0.0,0.0,0.0,31.0,343.66843,0.0,0.030480722,0.0,0.0,False
Jul,8,2,6,13,Returning_Visitor,True,0.0,201.67537,0.0,0.0,16.0,1588.1394,0.0,0.2,0.0,0.8,True
Sep,1,8,6,7,Other,True,4.0,59.764057,0.0,0.0,2.0,2702.669,0.2,0.031494398,0.0,0.0,False
Sep,1,8,6,12,Other,True,0.0,0.0,0.0,306.24167,6.0,658.6992,0.0,0.025,0.0,0.0,True
June,7,5,1,15,Other,False,0.0,91.618,1.0,0.0,47.42805,0.0,0.0048894235,0.072540276,0.0,0.4,False
Nov,6,13,3,13,New_Visitor,False,0.0,0.0,0.0,112.155945,1.0,140.87064,0.046891283,0.042824667,0.0,0.0,False
Oct,6,8,3,19,New_Visitor,False,0.0,1402.849,0.0,104.399216,132.31468,0.0,0.0,0.07314255,0.0,0.0,True
Aug,1,10,4,12,Returning_Visitor,False,0.0,0.0,0.0,0.0,264.98264,3552.3625,0.0,0.00028263815,5.3672786,0.0,False
May,1,1,3,1,Returning_Visitor,False,0.0,175.15143,0.0,69.49662,83.895905,23000.826,0.00548584,0.029335247,30.887905,0.0,False
May,7,5,6,6,Other,True,0.0,0.0,1.0,108.38104,45.0,4895.4985,0.0,0.016537854,0.0,0.0,False
Oct,4,3,7,3,New_Visitor,False,4.0,513.5517,0.0,0.0,9.0,101.44096,0.030485868,0.2,0.0,0.0,False
Sep,3,1,5,8,Other,True,12.0,987.7089,0.0,0.0,132.4814,34.665405,0.0,0.0116536375,28.03667,0.0,False
Dec,6,11,1,10,Returning_Visitor,True,9.0,24.034687,0.0,0.0,7.0,239.95032,0.2,0.009465932,49.449898,0.0,False
June,1,10,7,7,Returning_Visitor,False,24.824423,278.3941,0.0,63.66803,24.0,1352.1653,0.0,0.2,0.0,0.6,True
Mar,8,8,7,16,Returning_Visitor,False,0.0,0.0,0.0,0.0,155.03987,184.00314,0.0,0.1,0.0,0.0,False
Nov,7,8,2,15,Returning_Visitor,True,0.0,272.7136,0.0,51.652657,34.0,0.0,0.044444446,0.0026480474,0.0,0.0,False
Jul,1,1,7,18,Other,False,5.0,0.0,0.0,63.37411,252.13074,144.08977,0.003967387,0.011858869,40.5051,0.8,False
Oct,1,13,6,16,Returning_Visitor,True,0.0,189.30803,0.0,0.0,9.0,275.25095,0.027974116,0.05,0.0,0.0,True
Oct,3,4,8,18,Other,True,9.0,0.0,1.0,0.0,1.0,1090.626,0.0,0.0125,41.06526,0.0,False
Nov,4,13,8,4,Returning_Visitor,True,0.0,53.126255,0.0,0.0,28.0,1574.5895,0.2,0.2,0.0,0.0,False
Oct,1,1,6,18,Other,True,0.0,590.71704,0.0,890.16833,27.0,453.27313,0.15737784,0.047190428,0.0,0.0,False
Mar,6,13,5,18,New_Visitor,True,3.0,24.082483,0.0,0.0,38.0,1171.7327,0.005714286,0.0011642135,0.0,0.0,False
June,4,2,6,7,New_Visitor,True,7.0,0.0,0.0,0.0,0.0,134.77821,0.0,0.059957575,0.0,0.0,False
Oct,8,2,6,11,Returning_Visitor,True,0.0,26.635971,0.0,0.0,26.0,0.0,0.004444444,0.027781663,0.0,0.0,False
Sep,7,4,1,7,Other,True,4.0,0.0,0.0,18.0,36.839554,2843.8938,0.0044717086,0.002574016,3.7959275,0.0,False
Mar,1,3,5,4,Returning_Visitor,True,10.401558,0.0,1.0,0.0,18.0,36745.04,0.0,0.2,0.0,0.0,False
Nov,7,10,7,18,New_Visitor,True,3.0,172.9673,0.0,0.0,12.0,1292.1532,0.05504244,0.016666668,0.0,0.0,False
Aug,6,9,6,10,Other,False,0.0,0.0,5.117023,0.0,24.0,19545.205,0.0,0.079811886,0.0,0.0,True
Aug,4,12,4,14,New_Visitor,False,0.0,0.0,0.0,0.0,2.0,0.0,0.0,0.13171706,112.44788,0.4,False
Mar,6,1,6,17,Other,False,0.0,71.49687,1.0,0.0,22.0,1167.2405,0.06666667,0.009537805,47.061615,0.0,False
Jul,5,9,9,7,Returning_Visitor,False,2.0,0.0,0.0,390.5308,97.17298,739.58606,0.0,0.0348052,104.24667,0.0,False
Mar,6,9,2,11,Other,False,6.0,0.0,0.0,0.0,64.20467,0.0,0.15023309,0.0,20.675638,0.0,False
Feb,7,7,2,11,Returning_Visitor,False,0.0,193.03374,0.0,0.0,11.0,454.70645,0.0,0.03874503,0.0,0.0,False
May,7,1,4,12,Returning_Visitor,False,0.0,0.0,0.0,2235.0928,3.0,1383.5774,0.0,0.044444446,0.0,0.0,False
May,4,2,2,3,Other,False,5.0,0.0,0.0,0.0,31.0,0.0,0.0,0.06666667,13.112849,0.0,False
June,3,11,7,4,New_Visitor,True,0.0,81.52087,0.0,120.58038,452.98584,19.7239,0.0049892324,0.014365633,0.0,0.0,False
Feb,6,11,4,5,Returning_Visitor,True,0.0,0.0,0.0,0.0,3.0,2146.8054,0.2,0.05,0.0,0.0,False
Aug,6,6,7,9,New_Visitor,False,0.0,15.008363,1.0,41.073242,89.0,829.5615,0.0,0.02,0.0,0.0,False
Dec,2,4,9,11,Returning_Visitor,False,0.0,39.250473,1.0,86.79941,9.828637,2661.2053,0.021263802,0.0010185943,0.0,0.0,False
Sep,5,9,3,18,Other,False,14.172916,0.0,0.0,0.0,7.0,913.2476,0.009905304,0.0125,0.0,0.0,False
Nov,1,12,4,12,Returning_Visitor,False,6.0,0.0,0.0,10.0,32.59317,0.0,0.0,0.02224883,0.0,0.0,False
Nov,5,10,7,17,Other,False,2.0,9.0,0.0,0.0,11.0,2531.0415,0.0,0.015027405,0.0,0.0,False
June,7,9,7,16,Returning_Visitor,False,3.0,0.0,7.7621827,0.0,0.0,115.505844,0.0,0.026817257,0.0,0.0,False
Feb,5,5,4,5,New_Visitor,False,0.0,0.0,0.0,0.0,1.0,651.68427,0.0,0.0022260097,0.0,0.0,False
Dec,1,12,1,1,Other,True,0.0,68.95777,0.0,0.0,2.0,826.59625,0.0102453185,0.1,0.0,0.0,True
Jul,8,2,8,7,Returning_Visitor,False,0.0,0.0,0.0,0.0,1.0,3896.3381,0.018297696,0.111843534,0.0,0.0,False
Feb,7,6,4,6,Other,False,0.0,228.56798,0.0,0.0,2.0,32.881958,0.1,0.0150273265,0.0,0.0,False
Oct,3,13,2,9,Other,True,0.0,0.0,0.0,0.0,3.0,12673.537,0.0,0.0013826212,44.676044,0.6,False
June,4,9,3,20,Other,True,0.0,387.9997,20.993269,0.0,25.0,1504.0109,0.08267577,0.0105311265,3.7833693,0.0,False
Sep,4,2,4,2,Returning_Visitor,False,0.0,0.0,0.0,0.0,52.0,42.534206,0.0,0.0,0.0,0.0,False
Mar,2,11,8,11,Returning_Visitor,False,0.0,0.0,0.0,0.0,31.0,13.647357,0.0,0.2,0.0,0.0,False
Sep,1,10,3,12,Returning_Visitor,False,1.0,60.14363,6.9632907,0.0,91.0,14054.087,0.13433684,0.0008162657,0.0,0.0,False
Nov,1,2,3,18,New_Visitor,False,10.0,0.0,0.0,0.0,100.49778,14.875517,0.08214626,0.020155782,0.0,1.0,False
Aug,2,6,4,4,Returning_Visitor,False,0.0,67.851974,1.0,109.03326,317.67838,1151.9233,0.2,0.046708725,0.0,0.0,False
Dec,3,11,1,19,Other,False,0.0,6.0516768,0.0,0.0,28.0,871.40564,0.011756843,0.0051431265,0.0,0.0,True
Feb,6,8,8,14,Other,False,0.0,133.28593,2.0,166.57248,8.0,1770.8441,0.0007263041,0.042309757,49.555458,0.0,False
Nov,7,13,1,5,Returning_Visitor,False,16.0,2705.1006,0.0,58.764,60.0,1928.1721,0.0,0.03333333,2.1486971,0.0,False
Feb,6,13,1,10,Other,True,9.0,134.31444,0.0,382.78275,28.0,0.0,0.0,0.018113416,0.0,0.0,False
June,8,2,8,15,Returning_Visitor,True,0.0,49.28404,2.0,0.0,23.0,0.0,0.0,0.00181506,0.0,0.6,False
Aug,2,4,8,17,New_Visitor,False,17.643152,730.94055,0.0,0.0,3.0,3378.14,0.0,0.1329086,0.0,0.0,False
Oct,8,7,9,19,Returning_Visitor,False,0.0,0.0,0.0,37.585037,58.0,7.88083,0.0,0.009090909,14.498658,0.0,False
June,5,12,1,5,Returning_Visitor,False,0.0,0.0,0.0,0.0,8.0,1121.4003,0.0,0.2,118.26405,0.0,False
Dec,3,6,9,17,Other,False,17.389004,0.0,3.0,1683.6838,25.664993,511.4399,0.006451613,0.0778133,0.0,0.8,False
June,8,10,2,17,Returning_Visitor,True,0.0,0.0,2.0,0.0,4.0,716.06134,0.2,0.004933088,0.0,0.0,False
Feb,7,9,9,5,Returning_Visitor,False,8.0,0.0,4.0,0.0,4.0,1603.2886,0.2,0.022222223,0.0,0.0,False
Jul,2,13,8,20,Other,True,0.0,0.0,0.0,389.63272,19.846348,1501.3892,0.0,0.024999386,0.0,0.0,False
Mar,7,9,7,14,Returning_Visitor,True,21.742443,0.0,22.849726,0.0,1.0,4580.05,0.0,0.04273838,0.0,0.2,False
Dec,5,9,4,7,Returning_Visitor,False,0.0,120.10127,0.0,0.0,1.0,0.0,0.2,0.18882321,30.615408,0.0,False
Feb,5,9,5,16,Other,True,6.0,381.57925,0.0,0.0,91.8807,43096.92,0.0,0.035435744,0.0,0.0,False
Oct,1,12,7,5,Returning_Visitor,True,19.319437,6.0,0.0,856.8576,9.0,0.0,0.017206669,0.2,0.0,0.0,False
Aug,8,4,5,19,Other,True,0.0,0.0,2.0,0.0,1.0,1843.5284,0.0077900747,0.04817288,0.0,0.0,False
Jul,3,5,8,15,Other,False,0.0,658.7682,0.0,735.8682,16.0,1267.2063,0.016666668,0.06256929,0.0,0.0,False
May,1,12,5,6,New_Visitor,False,4.0,287.34485,0.0,0.0,8.0,0.0,0.013795619,0.2,2.0984025,0.0,False
June,6,9,3,4,Returning_Visitor,True,0.0,144.20605,0.0,83.46822,35.640564,3740.6128,0.2,0.03333333,0.0,0.0,False
June,2,9,9,2,Other,True,0.0,233.40884,6.0,1260.948,1.0,0.0,0.0,0.045400668,0.0,0.0,False
June,6,11,7,4,Other,False,0.0,0.0,0.0,0.0,40.985466,2114.1484,0.04,0.01738517,97.97937,0.0,False
Oct,6,11,2,3,Returning_Visitor,False,1.0,47.858944,6.0,0.0,130.70912,17.872139,0.0,0.2,16.181448,0.0,False
June,8,8,7,17,Other,False,1.0,175.12283,0.0,378.66348,2.0,4370.5693,0.0,0.013052051,0.0,0.84401923,False
Jul,2,2,1,20,Returning_Visitor,False,3.0,0.0,0.0,0.0,1.0,0.0,0.03423116,0.0036395516,0.0,0.0,False
Jul,1,9,6,10,Other,False,9.0,69.52728,2.0,0.0,59.0,327.6585,0.0,0.03484256,0.0,0.0,True
Sep,5,10,3,17,Returning_Visitor,True,1.0,0.0,0.0,0.0,4.0,68.91951,0.023183277,0.06666667,0.0,0.0,False
Oct,4,13,7,1,New_Visitor,True,6.0,0.0,2.0,0.0,85.0,0.0,0.022222223,0.023635454,4.74033,0.0,False
Jul,3,2,8,9,Other,True,0.0,450.33646,0.0,0.0,133.75287,2231.8848,0.0,0.011111111,1.1051751,0.0,False
Dec,4,9,3,4,New_Visitor,False,0.0,43.256542,2.0,2212.2578,12.0,926.89594,0.0,0.03333333,0.0,0.0,False
Dec,2,6,1,19,New_Visitor,False,2.0,0.0,0.0,0.0,181.66722,902.70135,0.010005575,0.0,0.0,0.8,False
Oct,1,4,9,7,Other,False,0.0,29.239779,5.0,0.0,23.0,3347.701,0.007407407,0.2,0.0,0.0,False
Nov,7,4,3,11,New_Visitor,False,6.0,0.0,0.0,0.0,1.0,325.71216,0.2,0.006379568,20.774624,0.0,True
Aug,6,9,2,3,New_Visitor,False,11.0,37.057934,1.0,0.0,24.0,1718.7026,0.0,0.02341951,0.0,0.0,False
Feb,1,3,1,6,New_Visitor,False,0.0,37.173653,0.0,414.2536,73.0,2501.8171,0.019027647,0.031176895,54.22709,0.0,False
Sep,6,6,4,18,Other,True,10.0,137.24162,0.0,0.0,180.34897,384.93005,0.0,0.044403765,0.0,0.0,False
Nov,5,8,5,12,Returning_Visitor,False,10.0,0.0,3.0,0.0,2.0,444.26935,0.0,0.035520356,0.0,0.0,False
Oct,8,12,6,6,Other,True,0.0,228.14575,0.0,0.0,102.55736,0.0,0.2,0.0011054196,0.0,0.2,False
Sep,5,8,6,9,New_Visitor,False,2.0,0.0,0.0,0.0,15.0,1417.8369,0.0,0.0125,0.0,0.0,False
Sep,7,8,2,7,Other,True,0.0,105.550545,0.0,0.0,2.0,1558.7329,0.0,0.1,35.35273,0.0,False
Sep,3,4,8,18,New_Visitor,True,0.0,0.0,20.0848,0.0,45.326027,3094.2126,0.0021687697,0.003318637,36.666733,0.0,False
Mar,3,7,2,7,New_Visitor,False,2.0,0.0,0.0,1630.611,0.0,129.5507,0.011411682,0.011111111,0.0,0.0,False
Mar,5,8,1,9,New_Visitor,False,0.0,112.13713,0.0,0.0,5.0,1163.9785,0.0,0.15,8.1106205,0.0,False
Jul,4,8,9,1,Other,False,0.0,55.724895,1.0,0.0,2.0,471.31198,0.008333333,0.2,32.531757,0.0,False
Jul,3,8,1,19,New_Visitor,True,3.0,0.0,0.0,0.0,1.0,600.36957,0.05,0.03333333,0.0,0.0,True
May,3,4,9,3,New_Visitor,True,2.0,0.0,0.0,0.0,0.0,68.18906,0.0074110297,0.046342682,54.472874,0.2,False
Feb,1,11,6,16,Other,False,5.0,0.0,0.0,0.0,23.0,7360.598,0.0,0.06666667,0.0,0.0,False
Jul,3,5,7,7,New_Visitor,False,1.0,21.0,0.0,0.0,41.0,5415.564,0.0,0.0,0.0,0.0,False
Feb,1,2,2,13,Returning_Visitor,True,0.0,0.0,1.0,0.0,31.0,535.2985,0.2,0.020478481,30.257763,0.6,False
Dec,3,8,2,2,Other,False,1.0,0.0,0.0,0.0,3.0,2637.068,0.2,0.02710964,38.689495,1.0,False
Sep,6,11,6,2,Other,False,11.831811,119.32046,2.0,0.0,86.930405,374.64194,0.0,0.003571429,0.0,0.6,False
Jul,2,6,9,10,New_Visitor,True,0.0,211.19327,0.0,0.0,6.654125,0.0,0.0047044326,0.0062415726,54.745846,0.0,False
Jul,3,8,1,9,Other,True,14.543765,556.02814,0.0,0.0,34.0,1553.2996,0.2,0.0,32.28244,0.0,False
Sep,1,13,9,14,Other,False,7.0,288.29785,0.0,16.543768,19.0,198.96169,0.0,0.025,35.594326,0.8,False
Mar,6,3,6,17,Returning_Visitor,True,0.0,91.0,0.0,142.14801,17.0,162.6793,0.0,0.13267504,64.774666,0.0,False
Aug,4,2,5,20,Other,False,4.0,0.0,1.0,0.0,29.0,4299.86,0.0,0.00952381,0.0,0.0,False
May,5,4,7,6,New_Visitor,True,0.0,0.0,1.0,0.0,76.9954,223.1516,0.009090909,0.038446303,0.0,0.0,True
Mar,8,8,3,5,New_Visitor,True,19.571384,0.0,3.0,0.0,104.59827,296.84076,0.0,0.04,60.93363,0.0,False
Aug,2,3,5,4,Returning_Visitor,True,0.0,3.0,0.0,0.0,0.0,78.25104,0.0,0.2,0.0,0.0,False
Dec,2,10,4,1,Other,False,0.0,97.94733,0.0,0.0,70.898605,0.0,0.0,0.03333333,0.0,0.0,False
Mar,4,6,6,12,Returning_Visitor,True,0.0,0.0,0.0,0.0,1.0,1028.4181,0.094898745,0.014285714,0.0,0.8129585,False
Aug,1,3,3,9,New_Visitor,False,0.0,0.0,1.5143199,0.0,152.21304,1170.7018,0.0,0.02,0.0,0.8,False
Aug,5,11,3,11,New_Visitor,True,8.0,137.05418,4.2955704,0.0,43.0,865.84296,0.0,0.007783963,0.0,0.0,False
May,5,1,7,1,Other,False,0.0,622.3419,3.0,0.0,44.0,12325.062,0.0,0.009090909,0.0,0.8,True
May,7,6,6,1,New_Visitor,True,3.0,0.0,15.087569,0.0,3.0,0.0,0.016666668,0.039000224,0.0,0.0,True
Feb,2,10,6,19,Returning_Visitor,True,0.0,127.62734,0.0,0.0,31.0,283.32397,0.0,0.003435288,0.0,1.0,True
May,6,13,1,5,Returning_Visitor,False,0.0,0.0,0.0,349.68298,68.81395,1064.3549,0.0,0.0037076604,80.66673,0.0,False
Aug,2,11,2,1,Returning_Visitor,False,7.0,199.24402,0.0,0.0,3.0,57.021416,0.0,0.018789805,0.0,0.0,False
Mar,7,2,9,3,Returning_Visitor,True,3.0,42.62836,2.0,0.0,597.2051,1999.1189,0.2,0.006063421,0.0,0.0,False
Mar,3,8,6,17,Returning_Visitor,True,6.0,0.0,0.0,0.0,10.0,656.9338,0.0,0.2,158.12836,0.0,False
Mar,1,8,1,11,Other,False,16.289602,0.0,0.0,332.5599,8.0,3664.242,0.016666668,0.004458598,154.31116,0.0,False
Aug,8,11,6,13,Returning_Visitor,False,0.0,0.0,0.0,0.0,12.0,0.0,0.03333333,0.018601304,0.0,0.0,False
Feb,4,12,7,17,Returning_Visitor,False,0.0,209.97911,0.0,0.0,18.0,3776.4666,0.0,0.06474696,162.54883,0.0,False
Oct,6,2,1,3,New_Visitor,False,2.0,0.0,4.0,145.45212,15.0,172.02028,0.0,0.023529412,0.0,0.0,True
Sep,6,10,3,15,Other,True,0.0,0.0,0.0,0.0,6.0,914.85974,0.0,0.04036763,0.0,0.0,False
June,2,12,6,3,Returning_Visitor,False,4.0,190.67111,0.0,0.0,9.0,435.46622,0.0,0.2,0.0,0.0,True
Sep,1,3,6,15,Other,True,17.341993,0.0,2.0,2250.8264,21.0,0.0,0.03333333,0.014514082,18.696074,0.0,True
Jul,7,8,8,3,Returning_Visitor,False,0.0,0.0,0.0,209.34744,83.50378,73.46081,0.0,0.042955685,3.0867076,0.0,False
Oct,2,4,3,9,Other,False,0.0,0.0,0.0,0.0,66.0,187.84477,0.1,0.017360462,0.0,0.0,False
Nov,6,12,8,5,New_Visitor,True,0.0,0.0,0.0,0.0,3.0,44.979244,0.0,0.014597408,0.0,0.0,False
Oct,7,8,2,5,Returning_Visitor,True,0.0,0.0,0.0,37.087776,6.0,202.29134,0.09169399,0.015620936,0.0,0.0,False
June,6,13,1,20,Returning_Visitor,False,9.0,0.0,0.0,0.0,60.0,541.2982,0.0,0.05,0.0,0.0,False
Sep,2,3,4,3,Returning_Visitor,True,0.0,103.82871,0.0,1194.4727,27.0,11861.115,0.0,0.2,0.0,0.0,False
June,8,11,4,10,Returning_Visitor,False,3.0,196.08368,3.0,0.0,118.04893,0.0,0.01082704,0.016666668,1.463168,0.0,False
Jul,6,13,2,19,Returning_Visitor,True,0.0,120.65267,4.0,163.86794,81.0,5513.672,0.0,0.075,0.0,1.0,False
June,1,9,7,2,New_Visitor,True,0.0,0.0,11.801115,0.0,20.0,1667.2189,0.0,0.018655239,0.0,0.0,True
Nov,5,1,7,6,Other,True,3.0,0.0,0.0,0.0,2.0,999.2539,0.0,0.009118358,0.0,0.6,True
Feb,6,4,1,7,Returning_Visitor,False,0.0,0.0,4.0,0.0,30.0,599.96985,0.019770585,0.2,0.0,0.0,False
Jul,5,7,6,20,Other,False,23.493307,228.60764,0.0,0.0,0.0,1568.9746,0.0,0.038424004,0.0,0.0,False
Feb,7,6,7,3,Other,True,0.0,0.0,0.0,0.0,74.0,1337.3405,0.002546298,0.2,7.2093663,0.0,True
Nov,8,7,1,4,Returning_Visitor,True,4.0,118.614975,0.0,47.630657,18.0,95.61747,0.2,0.2,0.0,0.0,False
Nov,6,8,5,10,Other,True,11.0,238.64635,9.291855,92.27153,5.0,32.76214,0.0,0.006694065,74.782135,0.0,False
Nov,1,10,1,4,Other,False,0.0,0.0,0.0,0.0,0.0,10.371118,0.0,0.1,0.0,0.0,False
Aug,2,2,8,19,Returning_Visitor,False,0.0,245.77127,0.0,0.0,39.0,166.5138,0.009353311,0.2,22.256968,0.0,False
Sep,1,7,8,17,New_Visitor,True,1.0,26.101976,0.0,22.775183,156.90503,649.153,0.011374589,0.2,0.0,0.0,False
June,4,13,3,17,Other,False,4.0,228.08363,0.0,0.0,1.0,69.810265,0.2,0.015489286,0.0,0.0,False
June,8,12,1,19,Returning_Visitor,False,0.0,0.0,0.0,0.0,7.0,67.50462,0.039954457,0.007142857,14.640682,0.0,False
Dec,2,6,6,12,Returning_Visitor,False,2.0,35.83824,2.0,0.0,30.0,1927.3339,0.2,0.015600907,0.0,0.0,False
Aug,8,2,7,3,New_Visitor,True,9.0,715.369,3.0,0.0,5.0,180.64728,0.2,0.019786682,0.0,0.0,False
Dec,3,4,2,9,Returning_Visitor,True,0.0,0.0,7.0,0.0,157.40703,197.67224,0.018814165,0.009976102,14.435571,0.0,False
Nov,1,3,5,3,New_Visitor,False,0.0,0.0,0.0,874.3628,5.0,544.7513,0.0,0.2,0.0,0.0,False
Feb,3,8,1,17,Returning_Visitor,False,2.0,40.97752,0.0,118.450165,655.9267,182.83049,0.2,0.013333333,70.4212,0.0,True
Mar,6,9,8,2,Other,True,0.0,341.3539,6.561824,0.0,226.12413,21.966578,0.2,0.027272727,3.4240894,0.0,False
Mar,5,5,3,15,New_Visitor,False,0.0,0.0,0.0,0.0,91.0,41438.176,0.044444446,0.0015988176,0.0,0.0,True
Sep,7,10,9,5,Other,True,0.0,0.0,0.0,0.0,36.241184,385.14923,0.022222223,0.03333333,0.0,0.0,False
June,4,13,6,1,New_Visitor,False,3.0,115.741745,0.0,0.0,1.0,1734.2312,0.2,0.2,0.0,0.0,False
Sep,1,10,9,8,Other,False,2.0,2613.5063,0.0,0.0,5.0,379.83704,0.0,0.012496734,0.0,0.0,False
May,3,1,8,14,New_Visitor,False,0.0,0.0,0.0,0.0,20.0,1551.7656,0.0048539722,0.022417722,0.0,0.0,True
May,6,8,6,16,Returning_Visitor,True,15.0,0.0,0.0,0.0,177.26526,760.20435,0.2,0.013333333,0.0,0.0,False
Nov,8,8,5,18,Returning_Visitor,False,0.0,244.45868,0.0,1767.4669,2.0,144.50668,0.0,0.016087096,111.033226,0.0,False
Aug,6,11,2,6,Returning_Visitor,False,4.0,102.64179,0.0,0.0,1.0,5178.876,0.005,0.012474806,0.0,0.0,True
Feb,6,3,6,15,Returning_Visitor,False,1.0,827.89984,2.0,0.0,125.85471,0.0,0.001464412,0.03737508,0.0,0.6,False
Jul,2,1,4,13,New_Visitor,False,4.0,0.0,0.0,0.0,154.98746,0.0,0.013333333,0.06666667,0.0,0.0,True
Aug,6,4,1,14,Other,True,5.0,0.0,0.0,115.6828,19.0,52.577686,0.0,0.06666667,0.0,0.0,False
Dec,1,6,4,17,New_Visitor,True,13.0,0.0,0.0,0.0,8.0,832.73456,0.0,0.03975454,6.4605227,0.8,False
Dec,1,11,8,9,New_Visitor,True,3.0,0.0,0.0,1313.4828,41.0,431.85303,0.00043705502,0.010759324,0.0,0.0,False
May,4,13,9,10,New_Visitor,True,0.0,0.0,0.0,0.0,7.0,2429.6714,0.0047583194,0.0049205297,194.08841,0.0,True
Aug,1,10,8,9,Other,True,0.0,2413.1484,0.0,0.0,1.0,365.43713,0.0,0.063467376,0.0,0.0,False
May,5,6,6,10,Returning_Visitor,True,3.0,140.98018,0.0,0.0,13.0,3384.6357,0.011841371,0.03333333,0.0,1.0,False
Mar,7,5,2,3,Returning_Visitor,True,0.0,0.0,1.0,0.0,1.0,906.22174,0.002664465,0.020467395,23.056765,0.0,False
Sep,4,13,2,12,Other,True,0.0,541.75494,0.0,33.88193,123.046684,3010.0352,0.0,0.2,0.0,0.2,False
Sep,5,6,1,13,Returning_Visitor,False,0.0,490.0476,0.0,0.0,71.0,347.3655,0.0029855054,0.002082018,34.45961,0.8,False
Jul,5,7,4,14,Returning_Visitor,True,6.0,261.4618,0.0,1029.9316,351.96,664.86365,0.0,0.075,0.0,0.0,True
June,6,6,6,9,New_Visitor,False,5.0,0.0,0.0,0.0,16.0,843.83923,0.0,0.04695633,0.0,0.0,False
May,6,4,7,13,Other,False,8.0,0.0,0.0,0.0,12.0,0.0,0.0,0.05457801,0.0,0.0,False
May,1,10,4,19,New_Visitor,False,0.0,0.0,2.0,27.548948,18.0,538.7851,0.0,0.0,0.0,0.0,False
Aug,7,13,8,8,Returning_Visitor,False,7.0,116.5575,7.0,0.0,60.0,25.136223,0.0033225655,0.2,4.8836613,0.2,True
Sep,7,11,6,6,Returning_Visitor,False,5.0,30.0,0.0,0.0,1.0,0.0,0.038619217,0.0009965901,0.0,0.0,True
June,3,8,4,2,New_Visitor,False,5.0,0.0,0.0,0.0,379.0288,19.0,0.0,0.2,0.0,0.0,False
Sep,6,2,7,5,Returning_Visitor,True,2.0,176.82732,0.0,0.0,46.0,2521.351,0.02,0.022222223,0.0,0.0,False
Feb,5,6,6,4,Other,True,13.0,0.0,0.0,0.0,1.0,70.45734,0.0,0.014285714,23.25928,0.0,False
Jul,3,1,5,12,Returning_Visitor,False,3.0,0.0,1.0,0.0,1.0,5407.0405,0.011916543,0.025642531,0.0,0.0,False
June,8,12,5,7,Returning_Visitor,False,0.0,0.0,0.0,532.0483,148.26324,204.70279,0.2,0.031736866,0.0,0.6,False
Nov,8,7,4,6,Other,False,0.0,94.98051,0.0,0.0,6.7142377,452.61874,0.0,0.05,0.0,0.0,False
Aug,8,1,5,9,Other,True,9.0,0.0,0.0,0.0,3.0,10625.451,0.2,0.06666667,53.590187,0.2,False
Sep,3,1,6,13,Returning_Visitor,True,1.0,0.0,0.0,0.0,1.0,6948.223,0.0,0.2,0.0,0.0,False
Aug,7,13,4,16,New_Visitor,False,1.0,563.4671,0.0,628.0619,97.35429,1846.0188,0.0057040686,0.01904762,0.0,0.0,False
June,6,9,1,8,Returning_Visitor,False,8.0,0.0,2.0,0.0,33.0,495.0515,0.2,0.059844214,16.897781,0.0,False
Mar,4,9,7,11,Returning_Visitor,False,24.414003,0.0,0.0,34.687603,0.0,1202.6444,0.0,0.010526316,126.74123,1.0,False
Sep,8,13,1,7,New_Visitor,True,0.0,0.0,2.0,0.0,22.0,944.0873,0.030751571,0.2,14.627332,0.0,False
Oct,5,5,7,13,Other,False,0.0,101.30957,2.0,0.0,19.0,12049.822,0.2,0.0028553223,0.0,0.2,False
Nov,6,5,2,17,New_Visitor,True,3.0,562.5418,9.085652,0.0,156.00838,0.0,0.016666668,0.017241742,0.0,0.0,False
Oct,8,6,4,20,New_Visitor,True,0.0,1681.5315,0.0,0.0,8.0,1412.6439,0.0,0.2,0.0,0.6,True
Aug,7,10,9,6,New_Visitor,False,7.0,1456.0703,0.0,0.0,8.0,0.0,0.0,0.029758671,30.994076,0.0,False
Nov,6,10,8,13,Returning_Visitor,False,0.0,28.059055,4.0,0.0,2.0,0.0,0.05,0.06948583,0.0,1.0,False
Jul,3,13,6,16,New_Visitor,True,0.0,0.0,0.0,0.0,5.0,807.84644,0.0153624695,0.023255596,24.503181,0.2,True
Oct,5,12,8,15,Other,True,0.0,0.0,0.0,0.0,13.0,0.0,0.2,0.10006311,0.0,0.0,False
Sep,8,10,4,6,New_Visitor,True,12.0,274.1773,0.0,50.745834,61.06796,2370.0386,0.0,0.022222223,0.0,0.0,False
June,6,13,3,18,Returning_Visitor,False,5.845411,600.37994,2.0,0.0,1.0,0.0,0.0,0.022908948,0.0,0.0,False
Jul,5,12,5,9,New_Visitor,True,0.0,60.048332,7.1290817,0.0,274.07883,1254.8508,0.2,0.005301424,0.0,0.0,True
June,3,8,7,19,New_Visitor,True,0.0,1410.5424,0.0,0.0,39.0,3695.7666,0.0,0.022160623,0.0,0.0,False
Sep,2,7,3,16,Other,True,4.0,128.80478,0.0,10.326647,9.0,1537.9902,0.0,0.02024193,0.0,0.0,False
Nov,1,2,6,5,Returning_Visitor,True,3.0,15.496053,4.0,1773.6432,0.0,2598.716,0.015050535,0.037895475,0.0,0.0,False
Aug,3,4,7,2,New_Visitor,False,1.0,173.51186,1.0,0.0,24.0,154.81435,0.014698167,0.00049915473,0.0,0.0,False
Oct,6,13,5,10,Returning_Visitor,True,9.0,0.0,0.0,0.0,39.59226,672.57605,0.0071365107,0.01661571,0.0,0.0,False
Sep,6,3,3,4,Other,False,8.0,11.0,2.0,0.0,10.0,0.0,0.0016264578,0.1,0.0,0.0,False
Dec,5,10,6,14,New_Visitor,False,13.0,1706.4875,2.0,0.0,0.0,2651.9966,0.015952917,0.2,0.0,0.0,False
May,1,11,6,4,New_Visitor,False,0.0,0.0,0.0,0.0,20.0,2227.3586,0.0,0.08888889,6.8375807,0.0,False
Sep,5,2,3,18,New_Visitor,False,1.0,0.0,10.261162,0.0,81.27371,0.0,0.0,0.06,5.547089,0.0,False
Dec,7,12,1,12,New_Visitor,True,0.0,0.0,0.0,0.0,190.50908,232.50757,0.010508378,0.2,0.0,0.0,False
Jul,2,12,5,2,Other,False,0.0,2456.2473,0.0,148.28276,22.0,1099.6416,0.028571429,0.2,0.0,0.80521894,False
Jul,3,5,4,1,Other,False,0.0,0.0,2.0,296.462,9.0,0.0,0.016666668,0.057142857,24.411089,0.0,False
Oct,5,5,1,12,Other,False,10.0,0.0,0.0,0.0,142.08923,96.57357,0.0,0.032636665,5.6957393,0.0,False
Jul,4,2,7,7,Other,True,3.0,0.0,1.0,0.0,4.0,0.0,0.0,0.009208256,43.280376,0.6,False
Jul,7,8,8,18,New_Visitor,True,0.0,47.511635,2.0,0.0,78.44729,0.0,0.2,0.014285714,30.905895,0.0,False
Aug,7,7,7,5,Returning_Visitor,False,0.0,0.0,0.0,685.6852,159.58563,2957.0007,0.07427538,0.007976723,0.0,0.0,False
Dec,1,13,5,2,New_Visitor,True,2.0,0.0,4.0,0.0,169.45547,0.0,0.011873711,0.2,87.19442,1.0,False
June,7,12,9,2,Returning_Visitor,True,0.0,0.0,0.0,1021.3587,0.0,53.375168,0.04575576,0.06666667,9.156273,0.0,True
Jul,2,13,8,10,New_Visitor,False,3.0,104.788734,0.0,64.77422,7.0,2621.7637,0.0,0.2,0.0,0.0,False
Sep,8,1,5,9,Other,True,0.0,6.0,5.236018,0.0,155.70314,272.98282,0.0,0.015938349,0.0,0.0,False
Feb,1,3,2,9,Other,True,0.0,0.0,2.0,0.0,112.25462,4490.4746,0.0,0.063716725,2.0702517,0.0,False
Mar,2,8,2,14,Returning_Visitor,False,0.0,538.7878,3.0,0.0,19.0,3059.638,0.0,0.0038289188,29.07326,0.0,False
Jul,1,10,4,16,New_Visitor,True,0.0,10.0,1.0,0.0,51.0,14795.466,0.0,0.08728765,0.0,0.0,False
Jul,1,3,5,10,Other,False,0.0,1551.8501,0.0,0.0,8.0,438.5594,0.2,0.008892478,299.41095,0.0,True
Mar,2,5,7,7,New_Visitor,True,3.0,404.8415,0.0,0.0,9.0,0.0,0.0,0.02499519,0.0,0.0,False
Feb,5,6,5,10,Other,True,0.0,0.0,0.0,0.0,94.0,7458.755,0.0,0.019753478,0.0,1.0,False
Nov,4,3,3,3,Other,False,1.0,19.0,0.0,610.6891,1.0,36.81541,0.014309911,0.00076161104,0.0,0.0,False
Feb,7,13,3,16,New_Visitor,False,4.0,354.18414,0.0,0.0,187.20639,99.09671,0.011764706,0.014656129,0.0,0.0,True
Feb,4,7,6,20,Other,False,5.0,156.50699,0.0,234.54947,1.0,97.43398,0.0,0.2,0.0,1.0,True
June,2,2,8,15,Other,True,8.012882,88.825745,0.0,0.0,74.0,1883.55,0.0,0.15920746,0.0,0.0,False
Jul,7,6,2,5,Returning_Visitor,True,0.0,34.09473,0.0,0.0,31.0,3606.7356,0.0,0.031976763,0.0,0.0,False
Nov,5,10,3,6,Returning_Visitor,True,3.0,1091.2488,0.0,0.0,5.0,0.0,0.0,0.02594965,86.86311,0.0,False
Nov,7,1,3,13,New_Visitor,True,0.0,72.239006,0.0,0.0,11.711079,8170.2783,0.0,0.061514582,0.0,0.2,False
Jul,5,13,6,18,New_Visitor,False,4.0,0.0,7.560906,52.976498,10.0,924.91815,0.010274665,0.038016964,0.0,1.0,True
Feb,5,7,3,3,New_Visitor,True,4.0,60.69903,8.835342,0.0,133.40257,0.0,0.2,0.044858336,0.0,0.0,False
Feb,4,7,4,4,Returning_Visitor,False,13.0,0.0,0.0,0.0,46.785023,1539.27,0.0,0.011111111,43.915924,0.0,False
May,4,6,6,16,Other,True,1.0,67.46098,0.0,0.0,127.3035,38370.668,0.0,0.2,0.0,0.0,False
Aug,2,2,8,15,New_Visitor,True,4.0,0.0,0.0,193.77185,146.85751,4092.9517,0.054637097,0.0023975729,0.0,0.6,False
Oct,3,4,3,5,Returning_Visitor,True,0.0,2550.6387,0.0,0.0,7.0,3818.192,0.2,0.004929782,12.4212055,0.0,False
May,5,11,3,1,Returning_Visitor,False,3.0,0.0,9.492578,0.0,15.0,1638.9707,0.0,0.2,18.72081,0.0,False
Jul,7,8,2,4,Other,False,1.0,0.0,0.0,51.164307,3.0,2660.6018,0.0,0.013333333,0.0,0.0,False
May,3,11,6,7,New_Visitor,True,0.0,104.476425,0.0,0.0,86.63473,123.074196,0.2,0.2,9.840929,0.0,False
Mar,6,6,9,4,Other,True,14.0,123.09933,0.0,0.0,5.0,17.205036,0.009676187,0.03333333,63.464294,0.0,True
Mar,5,8,6,5,Returning_Visitor,True,0.0,0.0,7.0,352.64493,112.72754,14.26711,0.2,0.025,0.0,0.0,False
May,8,10,4,16,Other,False,0.0,196.6835,0.0,0.0,2.0,3381.4207,0.0,0.0015673246,0.0,0.0,False
Aug,2,1,3,19,Returning_Visitor,True,1.0,253.25883,0.0,0.0,170.51187,303.68784,0.2,0.00952381,0.0,0.2,False
Aug,5,8,6,5,New_Visitor,True,6.0,171.9827,1.0,0.0,19.0,65.65926,0.2,0.1,0.0,1.0,False
Oct,4,5,2,20,New_Visitor,False,0.0,559.3929,0.0,0.0,10.0,240.5716,0.0,0.02,19.557076,0.6,True
Nov,3,6,6,13,New_Visitor,True,0.0,0.0,2.0,24.336678,68.17824,0.0,0.2,0.018195951,0.0,0.0,False
June,7,4,9,15,Other,False,0.0,0.0,0.0,147.2552,8.0,688.00415,0.0,0.029981628,0.0,0.8,False
Aug,4,13,8,1,New_Visitor,False,0.0,0.0,0.0,0.0,70.0,44.36931,0.0,0.13246278,13.67285,0.0,False
Feb,6,9,4,20,Returning_Visitor,False,0.0,44.41666,0.0,0.0,15.0,0.0,0.03290095,0.011111111,0.0,0.0,False
May,2,2,8,19,New_Visitor,False,11.930773,216.3682,0.0,0.0,68.08722,1299.8748,0.0,0.2,0.0,0.0,True
Oct,4,12,6,6,New_Visitor,True,1.0,16.861614,0.0,83.7402,0.0,445.86212,0.0008651412,0.01725302,22.319164,0.0,False
Mar,2,6,3,15,New_Visitor,True,1.0,299.57617,2.0,0.0,31.0,1265.8875,0.0,0.1,0.0,0.0,True
Sep,1,5,1,15,Returning_Visitor,False,0.0,0.0,0.0,0.0,9.0,722.7999,0.006451613,0.017279811,0.0,0.6,True
Sep,3,1,2,3,Other,True,0.0,237.97607,1.0,0.0,7.0,4718.392,0.2,0.019596193,0.0,0.0,False
Jul,2,3,7,6,New_Visitor,True,0.0,68.90574,0.0,459.19006,5.0,679.07245,0.032015957,0.03333333,23.367191,0.0,False
Sep,2,8,4,10,New_Visitor,False,0.0,0.0,0.0,0.0,5.0,178.56522,0.0,0.012202024,0.0,0.0,False
Oct,7,12,1,14,Other,True,4.0,778.4666,0.0,51.870903,16.0,5473.7236,0.2,0.2,0.0,0.0,False
Jul,7,3,2,18,Returning_Visitor,True,0.0,7.0,0.0,1199.9817,42.0,442.86502,0.009090909,0.2,82.12412,0.8,False
June,5,3,5,15,New_Visitor,True,0.0,0.0,0.0,0.0,29.0,17.203465,0.0,0.2,0.0,0.6,False
Jul,5,6,7,20,Other,False,0.0,0.0,0.0,1532.9374,5.0,460.14084,0.036363635,0.2,0.0,0.0,False
Oct,3,12,3,2,Returning_Visitor,True,0.0,42.386456,0.0,306.09402,5.0,742.5181,0.2,0.06666667,138.92323,0.0,False
Oct,3,8,7,1,New_Visitor,False,0.0,0.0,0.0,5.768381,3.0,32.644653,0.03333333,0.029665006,0.0,0.0,False
Feb,1,7,7,12,Returning_Visitor,False,14.0,62.462505,0.0,0.0,19.0,2874.9167,0.0,0.0125,66.80246,0.0,False
Oct,4,4,7,3,New_Visitor,False,0.0,2674.4363,1.0,0.0,40.0,533.35986,0.0,0.019600974,0.0,0.0,False
Aug,1,3,4,15,New_Visitor,True,12.0,293.02252,0.0,0.0,12.0,1841.2771,0.0,0.0035210948,0.0,0.0,False
Feb,5,11,2,6,New_Visitor,False,10.0,0.0,0.0,121.05303,67.0,1271.8546,0.025,0.2,0.0,0.0,False
Oct,6,6,5,1,Returning_Visitor,False,2.0,0.0,4.0,0.0,8.0,0.0,0.026506333,0.0032845237,0.0,0.8,False
Jul,6,11,9,18,Other,False,0.0,0.0,2.0,206.91716,8.0,147.29445,0.01432018,0.03333333,0.0,0.0,False
Oct,2,6,5,13,Returning_Visitor,True,2.0,534.8958,0.0,0.0,2.0,816.73285,0.0031115268,0.2,0.0,0.0,False
Jul,2,2,7,19,New_Visitor,False,0.0,21.122906,0.0,0.0,10.0,1723.2699,0.2,0.014599546,0.0,1.0,False
Nov,1,2,3,6,Returning_Visitor,True,5.0,0.0,0.0,100.32705,29.0,27.174974,0.010371079,0.041160792,17.685768,0.0,False
June,8,1,6,17,New_Visitor,False,0.0,143.32419,0.0,23.117712,31.0,1077.5254,0.010543842,0.0025562192,54.641266,0.0,False
Sep,8,10,2,16,New_Visitor,False,5.0,60.739376,7.161974,0.0,137.85655,0.0,0.008869062,0.018181818,0.0,0.0,False
Feb,2,3,7,3,Other,True,7.0,6.0,0.0,0.0,1.0,961.23486,0.1,0.004444444,0.0,0.8,True
Mar,6,11,5,13,Returning_Visitor,True,9.0,1945.3218,0.0,0.0,1.0,1153.6077,0.0,0.039714824,0.0,0.0,False
Jul,5,10,4,2,Returning_Visitor,True,0.0,57.964302,5.0,523.4481,271.31903,295.92023,0.06666667,0.0031160654,0.0,0.0,False
Oct,4,5,2,17,Returning_Visitor,True,0.0,0.0,6.0,0.0,19.0,2188.355,0.0068706074,0.013333333,53.263996,0.0,False
Mar,6,8,7,19,Returning_Visitor,True,14.895863,0.0,0.0,0.0,2.0,4965.4307,0.2,0.0059378566,0.0,0.0,False
Aug,7,5,6,18,Returning_Visitor,False,2.0,0.0,0.0,28.40319,7.0,542.1466,0.0,0.0,0.0,0.0,False
June,1,5,1,14,Other,False,0.0,0.0,4.5342617,0.0,10.0,12315.196,0.016820293,0.02417624,0.0,1.0,True
Dec,8,12,6,18,Other,False,15.816097,0.0,0.0,0.0,147.96126,1579.4559,0.0,0.0,0.0,0.0,False
Mar,1,11,7,15,New_Visitor,False,11.0,231.4112,3.252197,0.0,114.506996,3483.811,0.005882353,0.017202504,16.15633,0.0,False
Aug,8,13,4,9,Other,False,0.0,0.0,0.0,118.930214,43.0,5087.87,0.0,0.2,30.90465,0.0,False
May,3,5,2,18,New_Visitor,False,0.0,647.41766,0.0,0.0,44.0,1515.5455,0.008733228,0.03333333,0.0,0.0,False
Feb,5,1,9,14,New_Visitor,False,0.0,0.0,5.0,0.0,152.36662,290.75882,0.0,0.2,42.61222,0.0,False
Sep,6,7,5,20,Returning_Visitor,True,7.0,0.0,0.0,0.0,8.0,0.0,0.0,0.004083988,0.0,0.0,False
May,5,11,2,2,Returning_Visitor,False,0.0,319.98004,2.0,0.0,1.0,116.402054,0.0,0.0011852282,0.0,0.0,False
Oct,4,6,4,20,New_Visitor,True,1.0,294.1733,0.0,0.0,0.0,41.43019,0.17988937,0.055296235,5.876523,0.0,False
Dec,5,5,7,2,Other,True,5.0,299.14078,0.0,0.0,45.0,11.981045,0.022222223,0.0028049897,0.0,0.0,False
Jul,3,3,6,15,Returning_Visitor,True,0.0,740.5576,0.0,0.0,3.0,0.0,0.0,0.0026155093,0.0,0.0,False
Sep,5,5,8,15,Other,True,0.0,13.0,0.0,679.59064,2.0,455.18317,0.0,0.086525664,53.738815,1.0,False
Feb,8,6,1,15,Other,False,0.0,744.74713,0.0,287.53473,46.0,272.07877,0.0,0.002369666,0.0,1.0,False
Feb,4,9,8,9,Other,True,0.0,0.0,0.0,346.12387,103.8525,498.82547,0.0,0.009757772,0.0,0.0,False
May,7,13,6,3,New_Visitor,True,10.0,770.1274,0.0,0.0,20.0,877.1786,0.2,0.012436307,0.0,0.0,True
May,2,1,3,11,New_Visitor,True,0.0,60.090088,0.0,0.0,2.0,1490.4463,0.0,0.047083125,0.0,0.0,False
Jul,3,6,4,8,Returning_Visitor,True,7.0,0.0,0.0,0.0,50.095215,6199.376,0.03191894,0.008886768,88.15238,0.0,False
Nov,7,11,9,6,Returning_Visitor,True,6.0,195.72101,0.0,0.0,1.0,1168.3844,0.0,0.01973646,0.0,0.6,True
Aug,5,4,9,18,Returning_Visitor,False,0.0,533.3471,9.992629,0.0,172.04623,1354.6183,0.0,0.12906183,0.0,1.0,False
Feb,7,6,9,13,New_Visitor,True,1.0,0.0,3.0,0.0,359.86395,0.0,0.02546488,0.0021375467,0.0,0.0,False
June,4,4,4,6,Returning_Visitor,True,3.0,166.64073,4.0,0.0,0.0,294.52393,0.0,0.005380803,0.0,0.4,False
June,4,12,1,10,Returning_Visitor,False,6.0,0.0,1.0,0.0,1.0,41206.965,0.014285714,0.044444446,0.0,0.0,False
Feb,3,9,9,11,Returning_Visitor,True,0.0,0.0,0.0,133.95134,110.93596,0.0,0.2,0.004823659,0.0,0.0,False
Jul,6,2,7,13,Returning_Visitor,True,5.0,0.0,0.0,0.0,11.0,14.107451,0.029883249,0.0061274166,9.578516,0.0,True
June,6,12,3,13,Returning_Visitor,False,0.0,135.35277,0.0,340.8223,79.352264,1991.2753,0.03333333,0.031291194,6.8239856,0.0,False
Dec,6,3,2,18,Other,True,0.0,0.0,0.0,0.0,411.37354,4526.682,0.0,0.2,0.0,0.0,False
Nov,7,12,5,11,New_Visitor,False,1.0,0.0,0.0,0.0,1.0,0.0,0.0,0.1,0.0,0.0,False
Sep,7,13,6,19,New_Visitor,False,0.0,5.3958516,0.0,0.0,29.0,352.37088,0.0,0.12400473,0.0,0.0,True
June,4,5,2,17,New_Visitor,False,0.0,0.0,0.0,0.0,15.0,66.90928,0.2,0.06666667,0.0,0.0,False
Nov,1,8,8,15,Other,False,9.0,0.0,0.0,0.0,1.0,3786.4775,0.2,0.025805287,4.6657605,0.0,False
Jul,7,11,1,9,New_Visitor,True,1.0,27.0,0.0,0.0,8.0,740.6638,0.03333333,0.032049388,0.0,0.0,False
